[
	{
	  "NameID": 1,
	  "title":"New images 1 great title",
	  "url":"http://localhost:8888/img/marvel1.png"
		
	},
	{
	  "NameID": 2,
	  "title":"New images 2 great title",
	  "url":"http://localhost:8888/img/marvel2.jpeg"
		
	},
	{
	  "NameID": 3,
	  "title":"New images 3 great title",
	  "url":"http://localhost:8888/img/marvel3.jpeg"
		
	},
	{
	  "NameID": 4,
	  "title":"New images 4 great title",
	  "url":"http://localhost:8888/img/marvel4.jpeg"
		
	},
	{
	  "NameID": 5,
	  "title":"New images 5 great title",
	  "url":"http://localhost:8888/img/marvel5.jpeg"
		
	},
	{
	  "NameID": 6,
	  "title":"New images 6 great title",
	  "url":"http://localhost:8888/img/marvel1.png"
		
	},
	{
	  "NameID": 7,
	  "title":"New images 7 great title",
	  "url":"http://localhost:8888/img/marvel2.jpeg"
		
	},
	{
	  "NameID": 8,
	  "title":"New images 8 great title",
	  "url":"http://localhost:8888/img/marvel3.jpeg"
		
	},
	{
	  "NameID": 9,
	  "title":"New images 9 great title",
	  "url":"http://localhost:8888/img/marvel4.jpeg"
		
	},
	{
	  "NameID": 10,
	  "title":"New images 10 great title",
	  "url":"http://localhost:8888/img/marvel5.jpeg"
		
	},
	{
	  "NameID": 11,
	  "title":"New images 11 great title",
	  "url":"http://localhost:8888/img/marvel1.png"
		
	},
	{
	  "NameID": 12,
	  "title":"New images 12 great title",
	  "url":"http://localhost:8888/img/marvel2.jpeg"
		
	},
	{
	  "NameID": 13,
	  "title":"New images 13 great title",
	  "url":"http://localhost:8888/img/marvel3.jpeg"
		
	},
	{
	  "NameID": 14,
	  "title":"New images 14 great title",
	  "url":"http://localhost:8888/img/marvel4.jpeg"
		
	},
	{
	  "NameID": 15,
	  "title":"New images 15 great title",
	  "url":"http://localhost:8888/img/marvel5.jpeg"
		
	}
]